,State,Country,Lat,Long,Date,Confirmed,Death,Recovered,Active,New
27666,Bangkok,Thailand,15.0,101.0,2020-03-20,322,1,42,279,50
27667,Tokyo,Japan,36.0,138.0,2020-03-20,963,33,191,739,39
27668,Singapore,Singapore,1.2833,103.8333,2020-03-20,385,0,124,261,40
27669,Kathmandu,Nepal,28.1667,84.25,2020-03-20,1,0,1,0,0
27670,Kuala Lumpur,Malaysia,2.5,112.5,2020-03-20,1030,3,87,940,130
27671,British Columbia,Canada,49.2827,-123.1207,2020-03-20,271,8,4,259,40
27672,New South Wales,Australia,-33.8688,151.2093,2020-03-20,353,6,4,343,46
27673,Victoria,Australia,-37.8136,144.9631,2020-03-20,121,0,8,113,0
27674,Queensland,Australia,-28.0167,153.4,2020-03-20,184,0,8,176,40
27675,Phnom Penh,Cambodia,11.55,104.9167,2020-03-20,51,0,1,50,14
27676,Sri Jayawardenapura Kotte,Sri Lanka,7.0,81.0,2020-03-20,73,0,3,70,13
27677,Berlin,Germany,51.0,9.0,2020-03-20,19848,67,180,19601,4528
27678,Helsinki,Finland,64.0,26.0,2020-03-20,450,0,10,440,50
27679,Abu Dhabi,United Arab Emirates,24.0,54.0,2020-03-20,140,2,31,107,0
27680,Manila,Philippines,13.0,122.0,2020-03-20,230,18,8,204,13
27681,New Delhi,India,21.0,78.0,2020-03-20,244,5,20,219,50
27682,Rome,Italy,43.0,12.0,2020-03-20,47021,4032,4440,38549,5986
27683,Stockholm,Sweden,63.0,16.0,2020-03-20,1639,16,16,1607,200
27684,Madrid,Spain,40.0,-4.0,2020-03-20,20410,1043,1588,17779,2447
27685,South Australia,Australia,-34.9285,138.6007,2020-03-20,50,0,3,47,8
27686,Brussels,Belgium,50.8333,4.0,2020-03-20,2257,37,1,2219,462
27687,Cairo,Egypt,26.0,30.0,2020-03-20,285,8,39,238,29
27688,From Diamond Princess,Australia,35.4437,139.638,2020-03-20,0,0,0,0,0
27689,Beirut,Lebanon,33.8547,35.8623,2020-03-20,163,4,4,155,6
27690,Baghdad,Iraq,33.0,44.0,2020-03-20,208,17,49,142,16
27691,Muscat,Oman,21.0,57.0,2020-03-20,48,0,12,36,0
27692,Kabul,Afghanistan,33.0,65.0,2020-03-20,24,0,1,23,2
27693,Manama,Bahrain,26.0275,50.55,2020-03-20,285,1,100,184,7
27694,Kuwait City,Kuwait,29.5,47.75,2020-03-20,159,0,18,141,11
27695,Algiers,Algeria,28.0339,1.6596,2020-03-20,90,11,32,47,3
27696,Zagreb,Croatia,45.1,15.2,2020-03-20,128,1,5,122,23
27697,Bern,Switzerland,46.8182,8.2275,2020-03-20,5294,54,15,5225,1219
27698,Vienna,Austria,47.5162,14.5501,2020-03-20,2388,6,9,2373,375
27699,Jerusalem,Israel,31.0,35.0,2020-03-20,705,0,14,691,28
27700,Islamabad,Pakistan,30.3753,69.3451,2020-03-20,501,3,13,485,47
27701,Brasília,Brazil,-14.235,-51.9253,2020-03-20,793,11,2,780,172
27702,Tbilisi,Georgia,42.3154,43.3569,2020-03-20,43,0,1,42,3
27703,Athens,Greece,39.0742,21.8243,2020-03-20,495,6,19,470,77
27704,TBF,North Macedonia,41.6086,21.7453,2020-03-20,67,0,1,66,19
27705,Oslo,Norway,60.472,8.4689,2020-03-20,1914,7,1,1906,168
27706,Bucharest,Romania,45.9432,24.9668,2020-03-20,308,0,25,283,31
27707,Tallinn,Estonia,58.5953,25.0136,2020-03-20,283,0,1,282,16
27708,San Marino,San Marino,43.9424,12.4578,2020-03-20,144,14,4,126,25
27709,Minsk,Belarus,53.7098,27.9534,2020-03-20,69,0,5,64,18
27710,Reykjavík,Iceland,64.9631,-19.0208,2020-03-20,409,0,5,404,79
27711,Vilnius,Lithuania,55.1694,23.8813,2020-03-20,49,0,1,48,13
27712,Mexico City,Mexico,23.6345,-102.5528,2020-03-20,164,1,4,159,46
27713,Wellington,New Zealand,-40.9006,174.886,2020-03-20,39,0,0,39,11
27714,Abuja,Nigeria,9.082,8.6753,2020-03-20,12,0,1,11,4
27715,Western Australia,Australia,-31.9505,115.8605,2020-03-20,64,1,0,63,12
27716,Dublin,Ireland,53.1424,-7.6921,2020-03-20,683,3,5,675,126
27717,Luxembourg,Luxembourg,49.8153,6.1296,2020-03-20,484,4,0,480,149
27718,Monaco,Monaco,43.7333,7.4167,2020-03-20,11,0,0,11,4
27719,Doha,Qatar,25.3548,51.1839,2020-03-20,470,0,10,460,10
27720,Quito,Ecuador,-1.8312,-78.1834,2020-03-20,367,5,0,362,168
27721,Baku,Azerbaijan,40.1431,47.5769,2020-03-20,44,1,6,37,0
27722,Yerevan,Armenia,40.0691,45.0382,2020-03-20,136,0,1,135,21
27723,Santo Domingo,Dominican Republic,18.7357,-70.1627,2020-03-20,72,2,0,70,38
27724,Jakarta,Indonesia,-0.7893,113.9213,2020-03-20,369,32,15,322,58
27725,Lisbon,Portugal,39.3999,-8.2245,2020-03-20,1020,6,5,1009,235
27726,Andorra la Vella,Andorra,42.5063,1.5218,2020-03-20,75,0,1,74,22
27727,Tasmania,Australia,-41.4545,145.9707,2020-03-20,10,0,3,7,0
27728,Riga,Latvia,56.8796,24.6032,2020-03-20,111,0,1,110,25
27729,Rabat,Morocco,31.7917,-7.0926,2020-03-20,77,3,1,73,14
27730,Riyadh,Saudi Arabia,24.0,45.0,2020-03-20,344,0,8,336,70
27731,Dakar,Senegal,14.4974,-14.4524,2020-03-20,38,0,2,36,7
27732,Buenos Aires,Argentina,-38.4161,-63.6167,2020-03-20,128,3,3,122,31
27733,Santiago,Chile,-35.6751,-71.543,2020-03-20,434,0,6,428,196
27734,Amman,Jordan,31.24,36.51,2020-03-20,85,0,1,84,16
27735,Kiev,Ukraine,48.3794,31.1656,2020-03-20,29,3,0,26,13
27736,Budapest,Hungary,47.1625,19.5033,2020-03-20,85,3,2,80,12
27737,Northern Territory,Australia,-12.4634,130.8456,2020-03-20,3,0,0,3,2
27738,Vaduz,Liechtenstein,47.14,9.55,2020-03-20,28,0,0,28,0
27739,Warsaw,Poland,51.9194,19.1451,2020-03-20,425,5,1,419,70
27740,Tunis,Tunisia,34.0,9.0,2020-03-20,54,1,0,53,15
27741,Sarajevo,Bosnia and Herzegovina,43.9159,17.6791,2020-03-20,89,0,2,87,26
27742,Ljubljana,Slovenia,46.1512,14.9955,2020-03-20,341,1,0,340,55
27743,Pretoria,South Africa,-30.5595,22.9375,2020-03-20,202,0,0,202,52
27744,Thimphu,Bhutan,27.5142,90.4336,2020-03-20,2,0,0,2,1
27745,Yaoundé,Cameroon,3.8480000000000003,11.5021,2020-03-20,20,0,0,20,7
27746,Bogotá,Colombia,4.5709,-74.2973,2020-03-20,128,0,1,127,26
27747,San José,Costa Rica,9.7489,-83.7534,2020-03-20,89,1,0,88,20
27748,Lima,Peru,-9.19,-75.0152,2020-03-20,234,3,1,230,0
27749,Belgrade,Serbia,44.0165,21.0059,2020-03-20,135,1,1,133,32
27750,Bratislava,Slovakia,48.669,19.699,2020-03-20,137,1,0,136,14
27751,Lomé,Togo,8.6195,0.8248,2020-03-20,9,0,1,8,8
27752,Valletta,Malta,35.9375,14.3754,2020-03-20,64,0,2,62,11
27753,TBF,Martinique,14.6415,-61.0242,2020-03-20,32,1,0,31,9
27754,Sofia,Bulgaria,42.7339,25.4858,2020-03-20,127,3,0,124,33
27755,Malé,Maldives,3.2028,73.2207,2020-03-20,13,0,0,13,0
27756,Dhaka,Bangladesh,23.685,90.3563,2020-03-20,20,1,3,16,3
27757,Asunción,Paraguay,-23.4425,-58.4438,2020-03-20,13,0,0,13,2
27758,Ontario,Canada,51.2538,-85.3232,2020-03-20,308,2,5,301,51
27759,Alberta,Canada,53.9333,-116.5765,2020-03-20,146,1,0,145,27
27760,Quebec,Canada,52.9399,-73.5491,2020-03-20,139,1,0,138,18
27761,Tirana,Albania,41.1533,20.1683,2020-03-20,70,2,0,68,6
27762,Nicosia,Cyprus,35.1264,33.4299,2020-03-20,67,0,0,67,0
27763,Bandar Seri Begawan,Brunei,4.5353,114.7277,2020-03-20,78,0,1,77,3
27764,Washington,US,47.4009,-121.4905,2020-03-20,1524,83,0,1441,148
27765,New York,US,42.1657,-74.9481,2020-03-20,8310,42,0,8268,2945
27766,California,US,36.1162,-119.6816,2020-03-20,1177,23,0,1154,225
27767,Massachusetts,US,42.2302,-71.5301,2020-03-20,413,1,0,412,85
27768,Diamond Princess,US,35.4437,139.638,2020-03-20,49,0,0,49,2
27769,Grand Princess,US,37.6489,-122.6655,2020-03-20,23,0,0,23,1
27770,Georgia,US,33.0406,-83.6431,2020-03-20,420,13,0,407,133
27771,Colorado,US,39.0598,-105.3111,2020-03-20,363,4,0,359,86
27772,Florida,US,27.7663,-81.6868,2020-03-20,563,10,0,553,146
27773,New Jersey,US,40.2989,-74.521,2020-03-20,890,11,0,879,148
27774,Oregon,US,44.571999999999996,-122.0709,2020-03-20,114,3,0,111,26
27775,Texas,US,31.0545,-97.5635,2020-03-20,394,5,0,389,134
27776,Illinois,US,40.3495,-88.9861,2020-03-20,585,5,0,580,163
27777,Pennsylvania,US,40.5908,-77.2098,2020-03-20,303,1,0,302,97
27778,Iowa,US,42.0115,-93.2105,2020-03-20,45,0,0,45,1
27779,Maryland,US,39.0639,-76.8021,2020-03-20,149,1,0,148,42
27780,North Carolina,US,35.6301,-79.8064,2020-03-20,172,0,0,172,49
27781,South Carolina,US,33.8569,-80.945,2020-03-20,126,1,0,125,45
27782,Tennessee,US,35.7478,-86.6923,2020-03-20,233,0,0,233,79
27783,Virginia,US,37.7693,-78.17,2020-03-20,122,2,0,120,23
27784,Arizona,US,33.7298,-111.4312,2020-03-20,78,0,0,78,33
27785,Indiana,US,39.8494,-86.2583,2020-03-20,86,2,0,84,26
27786,Kentucky,US,37.6681,-84.6701,2020-03-20,47,2,0,45,10
27787,District of Columbia,US,38.8974,-77.0268,2020-03-20,71,1,0,70,31
27788,Nevada,US,38.3135,-117.0554,2020-03-20,114,1,0,113,19
27789,New Hampshire,US,43.4525,-71.5639,2020-03-20,44,0,0,44,0
27790,Minnesota,US,45.6945,-93.9002,2020-03-20,115,0,0,115,26
27791,Nebraska,US,41.1254,-98.2681,2020-03-20,37,0,0,37,8
27792,Ohio,US,40.3888,-82.7649,2020-03-20,173,2,0,171,54
27793,Rhode Island,US,41.6809,-71.5118,2020-03-20,54,0,0,54,10
27794,Wisconsin,US,44.2685,-89.6165,2020-03-20,207,3,0,204,48
27795,Connecticut,US,41.5978,-72.7554,2020-03-20,194,3,0,191,35
27796,Hawaii,US,21.0943,-157.4983,2020-03-20,26,0,0,26,10
27797,Oklahoma,US,35.5653,-96.9289,2020-03-20,49,1,0,48,5
27798,Utah,US,40.15,-111.8624,2020-03-20,78,0,0,78,-2
27799,Ouagadougou,Burkina Faso,12.2383,-1.5616,2020-03-20,40,1,0,39,7
27800,TBF,Holy See,41.9029,12.4534,2020-03-20,1,0,0,1,0
27801,Ulaanbaatar,Mongolia,46.8625,103.8467,2020-03-20,6,0,0,6,0
27802,Panama City,Panama,8.538,-80.7821,2020-03-20,137,1,0,136,28
27803,Kansas,US,38.5266,-96.7265,2020-03-20,44,1,0,43,10
27804,Louisiana,US,31.1695,-91.8678,2020-03-20,538,14,0,524,146
27805,Missouri,US,38.4561,-92.2884,2020-03-20,53,2,0,51,22
27806,Vermont,US,44.0459,-72.7107,2020-03-20,29,2,0,27,7
27807,Alaska,US,61.3707,-152.4044,2020-03-20,12,0,0,12,3
27808,Arkansas,US,34.9697,-92.3731,2020-03-20,96,0,0,96,34
27809,Delaware,US,39.3185,-75.5071,2020-03-20,38,0,0,38,8
27810,Idaho,US,44.2405,-114.4788,2020-03-20,23,0,0,23,12
27811,Maine,US,44.6939,-69.3819,2020-03-20,56,0,0,56,4
27812,Michigan,US,43.3266,-84.5361,2020-03-20,552,3,0,549,218
27813,Mississippi,US,32.7416,-89.6787,2020-03-20,80,1,0,79,30
27814,Montana,US,46.9219,-110.4544,2020-03-20,15,0,0,15,4
27815,New Mexico,US,34.8405,-106.2485,2020-03-20,43,0,0,43,8
27816,North Dakota,US,47.5289,-99.78399999999999,2020-03-20,19,0,0,19,1
27817,South Dakota,US,44.2998,-99.4388,2020-03-20,14,1,0,13,3
27818,West Virginia,US,38.4912,-80.9545,2020-03-20,7,0,0,7,5
27819,Wyoming,US,42.756,-107.3025,2020-03-20,19,0,0,19,1
27820,Hubei,China,30.9756,112.2707,2020-03-20,67800,3133,58382,6285,0
27821,Tehran,Iran,32.0,53.0,2020-03-20,19644,1433,6745,11466,1237
27822,TBF,"Korea, South",36.0,128.0,2020-03-20,8652,94,1540,7018,87
27823,France,France,46.2276,2.2137,2020-03-20,12612,450,12,12150,1741
27824,Guangdong,China,23.3417,113.4244,2020-03-20,1395,8,1323,64,17
27825,Henan,China,33.882,113.61399999999999,2020-03-20,1273,22,1250,1,0
27826,Zhejiang,China,29.1832,120.0934,2020-03-20,1234,1,1219,14,1
27827,Hunan,China,27.6104,111.7088,2020-03-20,1018,4,1014,0,0
27828,Anhui,China,31.8257,117.2264,2020-03-20,990,6,984,0,0
27829,Jiangxi,China,27.614,115.7221,2020-03-20,935,1,934,0,0
27830,Shandong,China,36.3427,118.1498,2020-03-20,762,7,748,7,1
27831,Diamond Princess,Cruise Ship,35.4437,139.638,2020-03-20,712,7,325,380,0
27832,Jiangsu,China,32.9711,119.455,2020-03-20,631,0,631,0,0
27833,Chongqing,China,30.0572,107.874,2020-03-20,576,6,570,0,0
27834,Sichuan,China,30.6171,102.7103,2020-03-20,541,3,536,2,1
27835,Heilongjiang,China,47.861999999999995,127.7615,2020-03-20,484,13,463,8,1
27836,Denmark,Denmark,56.2639,9.5018,2020-03-20,1255,9,1,1245,104
27837,Beijing,China,40.1824,116.4142,2020-03-20,491,8,390,93,11
27838,Shanghai,China,31.201999999999998,121.4491,2020-03-20,371,3,326,42,8
27839,Hebei,China,39.549,116.1306,2020-03-20,318,6,310,2,0
27840,Fujian,China,26.0789,117.9874,2020-03-20,299,1,295,3,3
27841,Guangxi,China,23.8298,108.7881,2020-03-20,254,2,250,2,1
27842,Shaanxi,China,35.1917,108.8701,2020-03-20,247,3,237,7,1
27843,Yunnan,China,24.974,101.48700000000001,2020-03-20,176,2,172,2,0
27844,Hainan,China,19.1959,109.7453,2020-03-20,168,6,161,1,0
27845,Guizhou,China,26.8154,106.8748,2020-03-20,146,2,144,0,0
27846,Tianjin,China,39.3054,117.323,2020-03-20,137,3,133,1,0
27847,Shanxi,China,37.5777,112.2922,2020-03-20,133,0,133,0,0
27848,Gansu,China,37.8099,101.0583,2020-03-20,134,2,98,34,0
27849,Hong Kong,China,22.3,114.2,2020-03-20,256,4,98,154,48
27850,Liaoning,China,41.2956,122.6085,2020-03-20,126,2,122,2,1
27851,Jilin,China,43.6661,126.1923,2020-03-20,93,1,92,0,0
27852,TBF,Czechia,49.8175,15.472999999999999,2020-03-20,833,0,4,829,139
27853,Xinjiang,China,41.1129,85.2401,2020-03-20,76,3,73,0,0
27854,Inner Mongolia,China,44.0935,113.9448,2020-03-20,75,1,74,0,0
27855,Ningxia,China,37.2692,106.1655,2020-03-20,75,0,75,0,0
27856,TBF,Taiwan*,23.7,121.0,2020-03-20,135,2,26,107,27
27857,Hanoi,Vietnam,16.0,108.0,2020-03-20,91,0,16,75,6
27858,Moscow,Russia,60.0,90.0,2020-03-20,253,1,9,243,54
27859,Qinghai,China,35.7452,95.9956,2020-03-20,18,0,18,0,0
27860,Macau,China,22.1667,113.55,2020-03-20,17,0,10,7,0
27861,Chisinau,Moldova,47.4116,28.3699,2020-03-20,66,1,1,64,17
27862,TBF,Bolivia,-16.2902,-63.5887,2020-03-20,15,0,0,15,3
27863,Faroe Islands,Denmark,61.8926,-6.9118,2020-03-20,80,0,0,80,8
27864,St Martin,France,18.0708,-63.0501,2020-03-20,4,0,0,4,0
27865,Tegucigalpa,Honduras,15.2,-86.2419,2020-03-20,24,0,0,24,12
27866,Channel Islands,United Kingdom,49.3723,-2.3644,2020-03-20,14,0,0,14,3
27867,New Brunswick,Canada,46.5653,-66.4619,2020-03-20,11,0,0,11,0
27868,Tibet,China,31.6927,88.0924,2020-03-20,1,0,1,0,0
27869,TBF,Congo (Kinshasa),-4.0383,21.7587,2020-03-20,18,0,0,18,4
27870,TBF,Cote d'Ivoire,7.54,-5.5471,2020-03-20,9,0,1,8,0
27871,Saint Barthelemy,France,17.9,-62.8333,2020-03-20,3,0,0,3,0
27872,Kingston,Jamaica,18.1096,-77.2975,2020-03-20,16,1,2,13,1
27873,Ankara,Turkey,38.9637,35.2433,2020-03-20,359,4,0,355,167
27874,Gibraltar,United Kingdom,36.1408,-5.3536,2020-03-20,10,0,2,8,0
27875,"Kitsap, WA",US,47.6477,-122.6413,2020-03-20,0,0,0,0,0
27876,"Solano, CA",US,38.3105,-121.9018,2020-03-20,0,0,0,0,0
27877,"Santa Cruz, CA",US,37.0454,-121.958,2020-03-20,0,0,0,0,0
27878,"Napa, CA",US,38.5025,-122.2654,2020-03-20,0,0,0,0,0
27879,"Ventura, CA",US,34.3705,-119.1391,2020-03-20,0,0,0,0,0
27880,"Worcester, MA",US,42.4097,-71.8571,2020-03-20,0,0,0,0,0
27881,"Gwinnett, GA",US,33.9191,-84.0167,2020-03-20,0,0,0,0,0
27882,"DeKalb, GA",US,33.7956,-84.2279,2020-03-20,0,0,0,0,0
27883,"Floyd, GA",US,37.5455,-82.7779,2020-03-20,0,0,0,0,0
27884,"Fayette, GA",US,33.4502,-84.4803,2020-03-20,0,0,0,0,0
27885,"Gregg, TX",US,32.4893,-94.8521,2020-03-20,0,0,0,0,0
27886,"Monmouth, NJ",US,40.2589,-74.124,2020-03-20,0,0,0,0,0
27887,"Burlington, NJ",US,40.0712,-74.8649,2020-03-20,0,0,0,0,0
27888,"Camden, NJ",US,39.9259,-75.1196,2020-03-20,0,0,0,0,0
27889,"Passaic, NJ",US,40.8568,-74.1285,2020-03-20,0,0,0,0,0
27890,"Union, NJ",US,40.6976,-74.2632,2020-03-20,0,0,0,0,0
27891,"Eagle, CO",US,39.6553,-106.8287,2020-03-20,0,0,0,0,0
27892,"Larimer, CO",US,40.6956,-105.5943,2020-03-20,0,0,0,0,0
27893,"Arapahoe, CO",US,39.6203,-104.3326,2020-03-20,0,0,0,0,0
27894,"Gunnison, CO",US,38.5458,-106.9253,2020-03-20,0,0,0,0,0
27895,"Kane, IL",US,41.9879,-88.4016,2020-03-20,0,0,0,0,0
27896,"Monroe, PA",US,41.0458,-75.2479,2020-03-20,0,0,0,0,0
27897,"Philadelphia, PA",US,39.9526,-75.1652,2020-03-20,0,0,0,0,0
27898,"Norfolk, VA",US,36.8508,-76.2859,2020-03-20,0,0,0,0,0
27899,"Arlington, VA",US,38.8816,-77.09100000000001,2020-03-20,0,0,0,0,0
27900,"Spotsylvania, VA",US,38.2042,-77.6078,2020-03-20,0,0,0,0,0
27901,"Loudoun, VA",US,39.0768,-77.6536,2020-03-20,0,0,0,0,0
27902,"Prince George's, MD",US,38.7849,-76.8721,2020-03-20,0,0,0,0,0
27903,"Pottawattamie, IA",US,41.3912,-95.4778,2020-03-20,0,0,0,0,0
27904,"Camden, NC",US,34.2465,-80.607,2020-03-20,0,0,0,0,0
27905,"Pima, AZ",US,32.0575,-111.6661,2020-03-20,0,0,0,0,0
27906,"Noble, IN",US,41.4277,-85.355,2020-03-20,0,0,0,0,0
27907,"Adams, IN",US,39.8522,-77.2865,2020-03-20,0,0,0,0,0
27908,"Boone, IN",US,40.0106,-86.4997,2020-03-20,0,0,0,0,0
27909,"Dane, WI",US,43.0186,-89.5498,2020-03-20,0,0,0,0,0
27910,"Pierce, WI",US,44.7509,-92.3814,2020-03-20,0,0,0,0,0
27911,"Cuyahoga, OH",US,41.4339,-81.6758,2020-03-20,0,0,0,0,0
27912,"Weber, UT",US,41.2603,-111.9522,2020-03-20,0,0,0,0,0
27913,"Bennington County, VT",US,43.0279,-73.135,2020-03-20,0,0,0,0,0
27914,"Carver County, MN",US,44.8254,-93.7842,2020-03-20,0,0,0,0,0
27915,"Charlotte County, FL",US,26.8946,-81.9098,2020-03-20,0,0,0,0,0
27916,"Cherokee County, GA",US,34.2515,-84.4803,2020-03-20,0,0,0,0,0
27917,"Collin County, TX",US,33.1795,-96.493,2020-03-20,0,0,0,0,0
27918,"Jefferson County, KY",US,38.1938,-85.6435,2020-03-20,0,0,0,0,0
27919,"Jefferson Parish, LA",US,29.6499,-90.1121,2020-03-20,0,0,0,0,0
27920,"Shasta County, CA",US,40.7909,-121.8474,2020-03-20,0,0,0,0,0
27921,"Spartanburg County, SC",US,34.8606,-81.9535,2020-03-20,0,0,0,0,0
27922,"Harrison County, KY",US,38.4333,-84.3542,2020-03-20,0,0,0,0,0
27923,"Johnson County, IA",US,41.6699,-91.5984,2020-03-20,0,0,0,0,0
27924,"Berkshire County, MA",US,42.3118,-73.1822,2020-03-20,0,0,0,0,0
27925,"Davidson County, TN",US,36.1343,-86.822,2020-03-20,0,0,0,0,0
27926,"Douglas County, OR",US,43.1261,-123.2492,2020-03-20,0,0,0,0,0
27927,"Fresno County, CA",US,36.9859,-119.2321,2020-03-20,0,0,0,0,0
27928,"Harford County, MD",US,39.5839,-76.3637,2020-03-20,0,0,0,0,0
27929,"Hendricks County, IN",US,39.8065,-86.5401,2020-03-20,0,0,0,0,0
27930,"Hudson County, NJ",US,40.7453,-74.0535,2020-03-20,0,0,0,0,0
27931,"Johnson County, KS",US,38.8454,-94.8521,2020-03-20,0,0,0,0,0
27932,"Kittitas County, WA",US,47.175,-120.9319,2020-03-20,0,0,0,0,0
27933,"Manatee County, FL",US,27.4799,-82.3452,2020-03-20,0,0,0,0,0
27934,"Marion County, OR",US,44.8446,-122.5927,2020-03-20,0,0,0,0,0
27935,"Okaloosa County, FL",US,30.5773,-86.6611,2020-03-20,0,0,0,0,0
27936,"Polk County, GA",US,34.0132,-85.1479,2020-03-20,0,0,0,0,0
27937,"Riverside County, CA",US,33.9533,-117.3961,2020-03-20,0,0,0,0,0
27938,"Shelby County, TN",US,35.1269,-89.9253,2020-03-20,0,0,0,0,0
27939,"St. Louis County, MO",US,38.6103,-90.4125,2020-03-20,0,0,0,0,0
27940,"Suffolk County, NY",US,40.9849,-72.6151,2020-03-20,0,0,0,0,0
27941,"Ulster County, NY",US,41.8586,-74.3118,2020-03-20,0,0,0,0,0
27942,"Volusia County, FL",US,29.028000000000002,-81.0755,2020-03-20,0,0,0,0,0
27943,"Fairfax County, VA",US,38.9085,-77.2405,2020-03-20,0,0,0,0,0
27944,"Rockingham County, NH",US,42.9931,-71.0498,2020-03-20,0,0,0,0,0
27945,"Washington, D.C.",US,38.9072,-77.0369,2020-03-20,0,0,0,0,0
27946,"Montgomery County, PA",US,40.229,-75.3879,2020-03-20,0,0,0,0,0
27947,"Alameda County, CA",US,37.6017,-121.7195,2020-03-20,0,0,0,0,0
27948,"Broward County, FL",US,26.1901,-80.3659,2020-03-20,0,0,0,0,0
27949,"Lee County, FL",US,26.663,-81.9535,2020-03-20,0,0,0,0,0
27950,"Pinal County, AZ",US,32.8162,-111.2845,2020-03-20,0,0,0,0,0
27951,"Rockland County, NY",US,41.1489,-73.983,2020-03-20,0,0,0,0,0
27952,"Saratoga County, NY",US,43.0324,-73.936,2020-03-20,0,0,0,0,0
27953,"Charleston County, SC",US,32.7957,-79.7848,2020-03-20,0,0,0,0,0
27954,"Clark County, WA",US,45.7466,-122.5194,2020-03-20,0,0,0,0,0
27955,"Cobb County, GA",US,33.8999,-84.5641,2020-03-20,0,0,0,0,0
27956,"Davis County, UT",US,40.9629,-112.0953,2020-03-20,0,0,0,0,0
27957,"El Paso County, CO",US,38.9108,-104.4723,2020-03-20,0,0,0,0,0
27958,"Honolulu County, HI",US,21.307,-157.8584,2020-03-20,0,0,0,0,0
27959,"Jackson County, OR ",US,42.3345,-122.7647,2020-03-20,0,0,0,0,0
27960,"Jefferson County, WA",US,47.7425,-123.304,2020-03-20,0,0,0,0,0
27961,"Kershaw County, SC",US,34.3672,-80.5883,2020-03-20,0,0,0,0,0
27962,"Klamath County, OR",US,42.6953,-121.6142,2020-03-20,0,0,0,0,0
27963,"Madera County, CA",US,37.2519,-119.6963,2020-03-20,0,0,0,0,0
27964,"Pierce County, WA",US,47.0676,-122.1295,2020-03-20,0,0,0,0,0
27965,"Tulsa County, OK",US,36.1593,-95.941,2020-03-20,0,0,0,0,0
27966,"Douglas County, CO",US,39.2587,-104.9389,2020-03-20,0,0,0,0,0
27967,"Providence County, RI",US,41.8882,-71.4774,2020-03-20,0,0,0,0,0
27968,"Chatham County, NC",US,35.7211,-79.1781,2020-03-20,0,0,0,0,0
27969,"Delaware County, PA",US,39.9078,-75.3879,2020-03-20,0,0,0,0,0
27970,"Douglas County, NE",US,41.3148,-96.1951,2020-03-20,0,0,0,0,0
27971,"Fayette County, KY",US,38.0606,-84.4803,2020-03-20,0,0,0,0,0
27972,"Marion County, IN",US,39.8362,-86.1752,2020-03-20,0,0,0,0,0
27973,"Middlesex County, MA",US,42.4672,-71.2874,2020-03-20,0,0,0,0,0
27974,"Nassau County, NY",US,40.6546,-73.5594,2020-03-20,0,0,0,0,0
27975,"Ramsey County, MN",US,44.9964,-93.0616,2020-03-20,0,0,0,0,0
27976,"Washoe County, NV",US,40.5608,-119.6035,2020-03-20,0,0,0,0,0
27977,"Wayne County, PA",US,41.6739,-75.2479,2020-03-20,0,0,0,0,0
27978,"Yolo County, CA",US,38.7646,-121.9018,2020-03-20,0,0,0,0,0
27979,"Santa Clara County, CA",US,37.3541,-121.9552,2020-03-20,0,0,0,0,0
27980,"Clark County, NV",US,36.0796,-115.094,2020-03-20,0,0,0,0,0
27981,"Fort Bend County, TX",US,29.5693,-95.8143,2020-03-20,0,0,0,0,0
27982,"Grant County, WA",US,47.1981,-119.3732,2020-03-20,0,0,0,0,0
27983,"Santa Rosa County, FL",US,30.769000000000002,-86.9824,2020-03-20,0,0,0,0,0
27984,"Williamson County, TN",US,35.9179,-86.8622,2020-03-20,0,0,0,0,0
27985,"New York County, NY",US,40.7128,-74.006,2020-03-20,0,0,0,0,0
27986,"Montgomery County, MD",US,39.1547,-77.2405,2020-03-20,0,0,0,0,0
27987,"Suffolk County, MA",US,42.3601,-71.0589,2020-03-20,0,0,0,0,0
27988,"Denver County, CO",US,39.7392,-104.9903,2020-03-20,0,0,0,0,0
27989,"Summit County, CO",US,39.5912,-106.064,2020-03-20,0,0,0,0,0
27990,"Bergen County, NJ",US,40.9263,-74.077,2020-03-20,0,0,0,0,0
27991,"Harris County, TX",US,29.7752,-95.3103,2020-03-20,0,0,0,0,0
27992,"San Francisco County, CA",US,37.7749,-122.4194,2020-03-20,0,0,0,0,0
27993,"Contra Costa County, CA",US,37.8534,-121.9018,2020-03-20,0,0,0,0,0
27994,"Orange County, CA",US,33.7879,-117.8531,2020-03-20,0,0,0,0,0
27995,"Norfolk County, MA",US,42.1767,-71.1449,2020-03-20,0,0,0,0,0
27996,"Maricopa County, AZ",US,33.2918,-112.4291,2020-03-20,0,0,0,0,0
27997,"Wake County, NC",US,35.8032,-78.5661,2020-03-20,0,0,0,0,0
27998,"Westchester County, NY",US,41.122,-73.7949,2020-03-20,0,0,0,0,0
27999,"Grafton County, NH",US,43.9088,-71.82600000000001,2020-03-20,0,0,0,0,0
28000,"Hillsborough, FL",US,27.9904,-82.3018,2020-03-20,0,0,0,0,0
28001,"Placer County, CA",US,39.0916,-120.8039,2020-03-20,0,0,0,0,0
28002,"San Mateo, CA",US,37.563,-122.3255,2020-03-20,0,0,0,0,0
28003,"Sonoma County, CA",US,38.578,-122.9888,2020-03-20,0,0,0,0,0
28004,"Umatilla, OR",US,45.775,-118.7606,2020-03-20,0,0,0,0,0
28005,"Fulton County, GA",US,33.8034,-84.3963,2020-03-20,0,0,0,0,0
28006,"Washington County, OR",US,45.547,-123.1386,2020-03-20,0,0,0,0,0
28007,"Snohomish County, WA",US,48.033,-121.8339,2020-03-20,0,0,0,0,0
28008,"Humboldt County, CA",US,40.745,-123.8695,2020-03-20,0,0,0,0,0
28009,"Sacramento County, CA",US,38.4747,-121.3542,2020-03-20,0,0,0,0,0
28010,"San Diego County, CA",US,32.7157,-117.1611,2020-03-20,0,0,0,0,0
28011,"San Benito, CA",US,36.5761,-120.9876,2020-03-20,0,0,0,0,0
28012,"Los Angeles, CA",US,34.0522,-118.2437,2020-03-20,0,0,0,0,0
28013,"King County, WA",US,47.6062,-122.3321,2020-03-20,0,0,0,0,0
28014,"Cook County, IL",US,41.7377,-87.6976,2020-03-20,0,0,0,0,0
28015,"Skagit, WA",US,48.4242,-121.7114,2020-03-20,0,0,0,0,0
28016,"Thurston, WA",US,46.8646,-122.7696,2020-03-20,0,0,0,0,0
28017,"Island, WA",US,48.1976,-122.5795,2020-03-20,0,0,0,0,0
28018,"Whatcom, WA",US,48.8787,-121.9719,2020-03-20,0,0,0,0,0
28019,"Marin, CA",US,38.0834,-122.7633,2020-03-20,0,0,0,0,0
28020,"Calaveras, CA",US,38.196,-120.6805,2020-03-20,0,0,0,0,0
28021,"Stanislaus, CA",US,37.5091,-120.9876,2020-03-20,0,0,0,0,0
28022,"San Joaquin, CA",US,36.6066,-120.189,2020-03-20,0,0,0,0,0
28023,"Essex, MA",US,42.632,-70.7829,2020-03-20,0,0,0,0,0
28024,"Charlton, GA",US,30.7917,-82.0843,2020-03-20,0,0,0,0,0
28025,"Collier, FL",US,26.07,-81.4279,2020-03-20,0,0,0,0,0
28026,"Pinellas, FL",US,27.8764,-82.7779,2020-03-20,0,0,0,0,0
28027,"Alachua, FL",US,29.7938,-82.4944,2020-03-20,0,0,0,0,0
28028,"Nassau, FL",US,30.5927,-81.8224,2020-03-20,0,0,0,0,0
28029,"Pasco, FL",US,28.3232,-82.4319,2020-03-20,0,0,0,0,0
28030,"Dallas, TX",US,32.7767,-96.79700000000001,2020-03-20,0,0,0,0,0
28031,"Tarrant, TX",US,32.7732,-97.3517,2020-03-20,0,0,0,0,0
28032,"Montgomery, TX",US,30.3883,-95.6963,2020-03-20,0,0,0,0,0
28033,"Middlesex, NJ",US,40.5726,-74.4927,2020-03-20,0,0,0,0,0
28034,"Jefferson, CO",US,39.58,-105.2663,2020-03-20,0,0,0,0,0
28035,"Multnomah, OR",US,45.5146,-122.5863,2020-03-20,0,0,0,0,0
28036,"Polk, OR",US,44.9267,-123.4919,2020-03-20,0,0,0,0,0
28037,"Deschutes, OR",US,43.8325,-121.2617,2020-03-20,0,0,0,0,0
28038,"McHenry, IL",US,42.3334,-88.2668,2020-03-20,0,0,0,0,0
28039,"Lake, IL",US,42.3689,-87.8272,2020-03-20,0,0,0,0,0
28040,"Bucks, PA",US,40.4108,-75.2479,2020-03-20,0,0,0,0,0
28041,"Hanover, VA",US,37.7772,-77.5161,2020-03-20,0,0,0,0,0
28042,"Lancaster, SC",US,34.7253,-80.6771,2020-03-20,0,0,0,0,0
28043,"Sullivan, TN",US,36.4933,-82.3452,2020-03-20,0,0,0,0,0
28044,"Johnson, IN",US,39.4638,-86.1345,2020-03-20,0,0,0,0,0
28045,"Howard, IN",US,40.4483,-86.1345,2020-03-20,0,0,0,0,0
28046,"St. Joseph, IN",US,41.6228,-86.3377,2020-03-20,0,0,0,0,0
28047,"Knox, NE",US,42.6712,-97.8722,2020-03-20,0,0,0,0,0
28048,"Stark, OH",US,40.8685,-81.2519,2020-03-20,0,0,0,0,0
28049,"Anoka, MN",US,45.3293,-93.2197,2020-03-20,0,0,0,0,0
28050,"Olmsted, MN",US,43.9952,-92.3814,2020-03-20,0,0,0,0,0
28051,"Summit, UT",US,40.8298,-110.9984,2020-03-20,0,0,0,0,0
28052,"Fairfield, CT",US,41.256,-73.3709,2020-03-20,0,0,0,0,0
28053,"Litchfield, CT",US,41.7866,-73.2765,2020-03-20,0,0,0,0,0
28054,"Orleans, LA",US,29.9511,-90.0715,2020-03-20,0,0,0,0,0
28055,"Pennington, SD",US,43.8901,-102.2548,2020-03-20,0,0,0,0,0
28056,"Beadle, SD",US,44.4797,-98.2213,2020-03-20,0,0,0,0,0
28057,"Charles Mix, SD",US,43.0985,-98.3965,2020-03-20,0,0,0,0,0
28058,"Davison, SD",US,43.7242,-98.2213,2020-03-20,0,0,0,0,0
28059,"Minnehaha, SD",US,43.6632,-96.8351,2020-03-20,0,0,0,0,0
28060,"Bon Homme, SD",US,42.9815,-97.8722,2020-03-20,0,0,0,0,0
28061,"Socorro, NM",US,33.8837,-106.7235,2020-03-20,0,0,0,0,0
28062,"Bernalillo, NM",US,35.0178,-106.6291,2020-03-20,0,0,0,0,0
28063,"Oakland, MI",US,42.5922,-83.3362,2020-03-20,0,0,0,0,0
28064,"Wayne, MI",US,42.2791,-83.3362,2020-03-20,0,0,0,0,0
28065,"New Castle, DE",US,39.5393,-75.6674,2020-03-20,0,0,0,0,0
28066,Havana,Cuba,22.0,-80.0,2020-03-20,16,1,0,15,5
28067,Georgetown,Guyana,5.0,-58.75,2020-03-20,7,1,0,6,0
28068,Australian Capital Territory,Australia,-35.4735,149.0124,2020-03-20,6,0,0,6,2
28069,United Kingdom,United Kingdom,55.3781,-3.4360000000000004,2020-03-20,3983,177,65,3741,1294
28070,Astana,Kazakhstan,48.0196,66.9237,2020-03-20,49,3,0,46,5
28071,French Polynesia,France,-17.6797,149.4068,2020-03-20,11,0,0,11,5
28072,Manitoba,Canada,53.7609,-98.8139,2020-03-20,17,0,0,17,0
28073,Saskatchewan,Canada,52.9399,-106.4509,2020-03-20,20,0,0,20,4
28074,Addis Ababa,Ethiopia,9.145,40.4897,2020-03-20,9,0,0,9,3
28075,Khartoum,Sudan,12.8628,30.2176,2020-03-20,2,1,0,1,0
28076,Conakry,Guinea,9.9456,-9.6966,2020-03-20,1,0,0,1,0
28077,Grand Princess,Canada,37.6489,-122.6655,2020-03-20,10,0,0,10,1
28078,Nairobi,Kenya,-0.0236,37.9062,2020-03-20,7,0,0,7,0
28079,St. John's,Antigua and Barbuda,17.0608,-61.7964,2020-03-20,1,0,0,1,0
28080,Alabama,US,32.3182,-86.9023,2020-03-20,83,0,0,83,5
28081,Montevideo,Uruguay,-32.5228,-55.7658,2020-03-20,94,0,0,94,15
28082,Accra,Ghana,7.9465,-1.0232,2020-03-20,16,0,0,16,5
28083,Puerto Rico,US,18.2208,-66.5901,2020-03-20,14,0,0,14,9
28084,Windhoek,Namibia,-22.9576,18.4904,2020-03-20,3,0,0,3,0
28085,Victoria,Seychelles,-4.6796,55.492,2020-03-20,7,0,0,7,1
28086,Port of Spain,Trinidad and Tobago,10.6918,-61.2225,2020-03-20,9,0,0,9,0
28087,Caracas,Venezuela,6.4238,-66.5897,2020-03-20,42,0,0,42,0
28088,TBF,Eswatini,-26.5225,31.4659,2020-03-20,1,0,0,1,0
28089,Libreville,Gabon,-0.8037,11.6094,2020-03-20,3,1,0,2,2
28090,Guatemala City,Guatemala,15.7835,-90.2308,2020-03-20,12,1,0,11,3
28091,Nouakchott,Mauritania,21.0079,10.9408,2020-03-20,2,0,0,2,0
28092,Kigali,Rwanda,-1.9403,29.8739,2020-03-20,17,0,0,17,9
28093,Castries,Saint Lucia,13.9094,-60.9789,2020-03-20,2,0,0,2,0
28094,Kingstown,Saint Vincent and the Grenadines,12.9843,-61.2872,2020-03-20,1,0,0,1,0
28095,Paramaribo,Suriname,3.9193,-56.0278,2020-03-20,4,0,0,4,3
28096,French Guiana,France,3.9339,-53.1258,2020-03-20,15,0,0,15,4
28097,Guam,US,13.4443,144.7937,2020-03-20,14,0,0,14,2
28098,Pristina,Kosovo,42.6026,20.903000000000002,2020-03-20,2,0,0,2,0
28099,Newfoundland and Labrador,Canada,53.1355,-57.6604,2020-03-20,4,0,0,4,1
28100,Prince Edward Island,Canada,46.5107,-63.4168,2020-03-20,2,0,0,2,0
28101,Bangui,Central African Republic,6.6111,20.9394,2020-03-20,3,0,0,3,2
28102,TBF,Congo (Brazzaville),-4.0383,21.7587,2020-03-20,3,0,0,3,0
28103,Malabo,Equatorial Guinea,1.5,10.0,2020-03-20,6,0,0,6,0
28104,Mayotte,France,-12.8275,45.1662,2020-03-20,6,0,0,6,3
28105,Tashkent,Uzbekistan,41.3775,64.5853,2020-03-20,33,0,0,33,10
28106,Netherlands,Netherlands,52.1326,5.2913,2020-03-20,2994,106,2,2886,534
28107,Nova Scotia,Canada,44.681999999999995,-63.7443,2020-03-20,15,0,0,15,1
28108,Guadeloupe,France,16.25,-61.5833,2020-03-20,45,0,0,45,12
28109,Porto-Novo,Benin,9.3077,2.3158,2020-03-20,2,0,0,2,0
28110,Monrovia,Liberia,6.4281,-9.4295,2020-03-20,2,0,0,2,0
28111,Curacao,Netherlands,12.1696,-68.99,2020-03-20,3,1,0,2,0
28112,Mogadishu,Somalia,5.1521,46.1996,2020-03-20,1,0,0,1,0
28113,Dodoma,Tanzania,-6.369,34.8888,2020-03-20,6,0,0,6,0
28114,Virgin Islands,US,18.3358,-64.8963,2020-03-20,3,0,0,3,0
28115,Cayman Islands,United Kingdom,19.3133,-81.2546,2020-03-20,3,1,0,2,0
28116,Reunion,France,-21.1351,55.2471,2020-03-20,28,0,0,28,14
28117,Bridgetown,Barbados,13.1939,-59.5432,2020-03-20,5,0,0,5,0
28118,Podgorica,Montenegro,42.5,19.3,2020-03-20,14,0,0,14,11
28119,Bishkek,Kyrgyzstan,41.2044,74.7661,2020-03-20,6,0,0,6,3
28120,Port Louis,Mauritius,-20.2,57.5,2020-03-20,12,0,0,12,9
28121,Aruba,Netherlands,12.5186,-70.0358,2020-03-20,5,0,0,5,1
28122,Lusaka,Zambia,-15.4167,28.2833,2020-03-20,2,0,0,2,0
28123,Djibouti,Djibouti,11.8251,42.5903,2020-03-20,1,0,0,1,0
28124,TBF,"Gambia, The",13.4432,-15.3101,2020-03-20,1,0,0,1,0
28125,Montserrat,United Kingdom,16.7425,-62.1874,2020-03-20,1,0,0,1,0
28126,TBF,"Bahamas, The",25.0343,-77.3963,2020-03-20,3,0,0,3,0
28127,Greenland,Denmark,71.7069,-42.6043,2020-03-20,2,0,0,2,0
28128,New Caledonia,France,-20.9043,165.618,2020-03-20,2,0,0,2,0
28129,Bermuda,United Kingdom,32.3078,-64.7505,2020-03-20,2,0,0,2,0
28130,N'Djamena,Chad,15.4542,18.7322,2020-03-20,1,0,0,1,0
28131,San Salvador,El Salvador,13.7942,-88.8965,2020-03-20,1,0,0,1,0
28132,Suva,Fiji,-17.7134,178.065,2020-03-20,1,0,0,1,0
28133,Managua,Nicaragua,12.8654,-85.2072,2020-03-20,1,0,0,1,0
28134,Antananarivo,Madagascar,-18.7669,46.8691,2020-03-20,3,0,0,3,3
28135,Port-au-Prince,Haiti,18.9712,-72.2852,2020-03-20,2,0,0,2,2
28136,Luanda,Angola,-11.2027,17.8739,2020-03-20,1,0,0,1,1
28137,TBF,Cabo Verde,16.5388,-23.0418,2020-03-20,1,0,0,1,1
28138,Sint Maarten,Netherlands,18.0425,-63.0548,2020-03-20,1,0,0,1,1
28139,Niamey,Niger,17.6078,8.0817,2020-03-20,1,0,0,1,1
28140,Port Moresby,Papua New Guinea,-6.315,143.9555,2020-03-20,1,0,0,1,1
28141,Isle of Man,United Kingdom,54.2361,-4.5481,2020-03-20,1,0,0,1,1
28142,Harare,Zimbabwe,-20.0,30.0,2020-03-20,1,0,0,1,1
